{
  "baseline": 0.79558,
  "seeds": {
    "seed 42 (orig)": 0.79662,
    "seed 1": 0.79768,
    "seed 2": 0.79669
  },
  "mean": 0.7969966666666667,
  "std": 0.0005928181283777467,
  "delta_mean": 0.0014166666666667327,
  "t_stat": 4.1391086517052145,
  "df": 2
}
